Category,Sales,Month,Age,Units_Sold,Customer_Segment
Electronics,50000,Jan,22,5,Young
Clothing,30000,Jan,35,8,Adult
Groceries,20000,Feb,42,12,Adult
Electronics,55000,Feb,25,6,Young
Furniture,40000,Mar,50,3,Senior
Clothing,35000,Mar,29,10,Young
Groceries,25000,Apr,45,15,Adult
Electronics,60000,Apr,31,7,Adult
Furniture,45000,May,55,4,Senior
Clothing,38000,May,24,9,Young
Electronics,65000,Jun,28,8,Young
Groceries,28000,Jun,40,14,Adult
Furniture,48000,Jul,60,3,Senior
Clothing,42000,Jul,33,11,Adult
Electronics,70000,Aug,26,9,Young
Groceries,30000,Aug,48,16,Adult
Furniture,50000,Sep,58,4,Senior
Clothing,45000,Sep,30,12,Adult
Electronics,75000,Oct,27,10,Young
Groceries,32000,Oct,43,17,Adult
Furniture,52000,Nov,62,5,Senior
Clothing,48000,Nov,36,13,Adult
Electronics,80000,Dec,23,11,Young
Groceries,35000,Dec,46,18,Adult
,,,,,